R.H,Pres_Vap,Temp,Hum
80,1870.5517045565084,20,12.252113664845128
80,1758.0527630404586,19,11.515245597915003
80,1651.5211175696795,18,10.8174633200814
29.6,611.0628135007814,18,4.002461428430118
26.15,611.4365884269087,20,4.0049096541962514
